date,region,product,units,revenue
2025-01-02,East,Phone,2,4695
2025-01-03,East,Laptop,5,24198
2025-01-05,South,Headphones,2,671
2025-01-06,West,Laptop,7,31619
2025-01-07,North,Headphones,11,4022
2025-01-07,West,Phone,1,2262
2025-01-08,South,Headphones,6,2002
2025-01-08,North,Monitor,6,7560
2025-01-10,West,Headphones,11,3741
2025-01-10,East,Phone,2,4336
2025-01-12,South,Tablet,6,10956
2025-01-13,East,Tablet,1,1762
2025-01-15,North,Laptop,1,4788
2025-01-15,West,Laptop,6,26217
2025-01-16,North,Phone,11,25365
2025-01-16,East,Laptop,10,48243
2025-01-17,West,Laptop,11,48452
2025-01-17,West,Headphones,9,3059
2025-01-20,North,Monitor,6,7515
2025-01-22,South,Monitor,7,8292
2025-01-23,North,Phone,10,23629
2025-01-23,North,Headphones,5,1890
2025-01-24,East,Tablet,1,1736
2025-01-25,East,Monitor,10,12796
2025-01-27,West,Monitor,11,14170
2025-02-01,East,Laptop,4,17163
2025-02-03,North,Laptop,10,43099
2025-02-04,East,Monitor,2,2506
2025-02-06,North,Tablet,7,13142
2025-02-07,North,Laptop,4,17569
2025-02-08,West,Headphones,5,1688
2025-02-08,South,Phone,11,22858
2025-02-09,North,Phone,3,7074
2025-02-11,West,Tablet,11,18662
2025-02-12,East,Phone,1,2185
2025-02-17,North,Monitor,4,4769
2025-02-18,West,Laptop,10,41437
2025-02-18,West,Laptop,10,47712
2025-02-19,West,Monitor,11,14081
2025-02-21,East,Phone,7,14311
2025-02-23,East,Monitor,6,7668
2025-02-23,West,Laptop,5,20909
2025-02-23,South,Phone,5,11715
2025-02-23,West,Headphones,2,741
2025-02-24,West,Laptop,1,4187
2025-02-24,North,Phone,7,15521
2025-02-25,South,Laptop,7,31709
2025-02-26,West,Monitor,10,11850
2025-02-27,North,Tablet,4,6636
2025-02-27,South,Monitor,5,6416
2025-03-02,South,Phone,4,8938
2025-03-02,West,Monitor,2,2242
2025-03-02,South,Headphones,11,3656
2025-03-02,South,Tablet,2,3324
2025-03-04,West,Monitor,1,1118
2025-03-05,South,Phone,3,6333
2025-03-08,North,Laptop,7,30260
2025-03-09,West,Tablet,9,15732
2025-03-10,East,Tablet,10,19389
2025-03-13,North,Phone,1,2030
2025-03-14,North,Tablet,10,16633
2025-03-17,North,Phone,4,8742
2025-03-17,North,Phone,7,15452
2025-03-19,North,Tablet,3,5677
2025-03-19,South,Tablet,6,10511
2025-03-21,South,Monitor,6,6907
2025-03-22,West,Headphones,1,371
2025-03-24,West,Monitor,8,9920
2025-03-24,West,Phone,7,15477
2025-03-24,East,Laptop,4,17767
2025-03-26,West,Headphones,7,2449
2025-03-26,East,Laptop,2,8625
2025-03-27,North,Phone,1,2227
2025-03-28,North,Tablet,6,11154
2025-03-28,South,Headphones,8,2734
2025-04-01,West,Monitor,3,3641
2025-04-02,South,Monitor,11,13368
2025-04-02,South,Monitor,11,12677
2025-04-04,South,Tablet,8,15314
2025-04-05,North,Laptop,9,41120
2025-04-08,East,Phone,2,4075
2025-04-10,East,Phone,7,15238
2025-04-12,West,Tablet,5,9373
2025-04-13,East,Tablet,7,12550
2025-04-14,East,Headphones,7,2265
2025-04-14,East,Headphones,10,3574
2025-04-14,South,Laptop,1,4827
2025-04-16,North,Headphones,8,2954
2025-04-17,North,Monitor,8,8889
2025-04-18,West,Headphones,5,1883
2025-04-19,West,Phone,4,9214
2025-04-20,North,Headphones,2,756
2025-04-21,East,Headphones,10,3258
2025-04-22,South,Monitor,8,10111
2025-04-22,West,Laptop,5,22998
2025-04-23,East,Tablet,8,13488
2025-04-23,North,Monitor,2,2569
2025-04-24,North,Laptop,11,50548
2025-04-24,South,Tablet,7,13205
2025-04-28,West,Tablet,4,7682
2025-05-01,South,Headphones,7,2479
2025-05-02,West,Phone,7,15824
2025-05-03,East,Tablet,4,6685
2025-05-04,East,Monitor,7,8280
2025-05-05,West,Monitor,10,12521
2025-05-05,South,Laptop,9,41450
2025-05-06,West,Phone,5,11207
2025-05-07,South,Monitor,7,7792
2025-05-07,East,Tablet,7,12624
2025-05-11,East,Tablet,9,16097
2025-05-11,West,Tablet,4,7452
2025-05-12,North,Monitor,11,12543
2025-05-13,East,Phone,5,11153
2025-05-13,South,Monitor,10,12463
2025-05-13,South,Headphones,1,360
2025-05-15,East,Monitor,3,3688
2025-05-17,South,Phone,6,12214
2025-05-17,West,Laptop,5,23881
2025-05-17,East,Phone,1,2119
2025-05-18,East,Tablet,1,1845
2025-05-21,East,Monitor,9,10893
2025-05-23,East,Tablet,8,14854
2025-05-24,South,Tablet,1,1901
2025-05-27,North,Laptop,1,4436
2025-05-28,North,Phone,1,2087
2025-06-01,East,Laptop,2,9045
2025-06-02,East,Headphones,8,2586
2025-06-06,North,Laptop,5,23503
2025-06-07,South,Tablet,2,3540
2025-06-08,East,Monitor,9,11222
2025-06-08,North,Phone,9,19033
2025-06-09,East,Tablet,3,5708
2025-06-11,West,Monitor,7,8117
2025-06-13,West,Headphones,3,1104
2025-06-15,North,Headphones,2,694
2025-06-15,East,Phone,8,18226
2025-06-16,South,Tablet,8,13663
2025-06-17,South,Monitor,5,5981
2025-06-19,South,Laptop,6,27392
2025-06-20,North,Laptop,4,17754
2025-06-21,North,Headphones,7,2560
2025-06-24,West,Phone,11,25615
2025-06-25,West,Headphones,9,3047
2025-06-26,West,Monitor,9,10439
2025-06-26,North,Tablet,6,9961
2025-06-26,South,Phone,2,4232
2025-06-26,South,Laptop,3,14011
2025-06-27,North,Phone,10,20379
2025-06-28,North,Laptop,8,35025
2025-06-28,South,Headphones,5,1815
2025-07-01,South,Headphones,2,729
2025-07-03,West,Monitor,9,10584
2025-07-03,East,Tablet,9,16815
2025-07-04,East,Laptop,3,13533
2025-07-06,South,Laptop,8,37284
2025-07-07,South,Headphones,5,1708
2025-07-07,North,Monitor,10,12911
2025-07-08,South,Laptop,11,49111
2025-07-09,West,Phone,3,6142
2025-07-10,East,Laptop,10,45489
2025-07-13,North,Laptop,7,31114
2025-07-14,East,Monitor,3,3877
2025-07-14,North,Headphones,1,339
2025-07-16,East,Headphones,9,3285
2025-07-18,West,Tablet,5,9163
2025-07-22,South,Headphones,10,3673
2025-07-22,West,Laptop,4,16802
2025-07-22,West,Laptop,10,47323
2025-07-22,South,Tablet,4,6776
2025-07-24,West,Tablet,4,7712
2025-07-24,West,Monitor,1,1156
2025-07-26,East,Headphones,11,3770
2025-07-26,South,Phone,6,13900
2025-07-27,West,Phone,3,6476
2025-07-28,West,Monitor,1,1162
2025-08-01,West,Headphones,8,2582
2025-08-02,West,Phone,2,4436
2025-08-08,South,Headphones,8,2848
2025-08-08,West,Headphones,8,2947
2025-08-11,West,Monitor,4,4737
2025-08-13,East,Tablet,8,15317
2025-08-13,East,Phone,5,10152
2025-08-14,North,Phone,3,7009
2025-08-14,North,Monitor,10,12651
2025-08-15,East,Headphones,3,1107
2025-08-17,West,Monitor,2,2451
2025-08-17,West,Laptop,1,4301
2025-08-18,North,Headphones,6,2257
2025-08-18,South,Monitor,3,3336
2025-08-20,East,Laptop,5,22887
2025-08-20,North,Monitor,7,8089
2025-08-20,West,Monitor,10,12506
2025-08-22,West,Tablet,5,9032
2025-08-22,South,Monitor,7,8933
2025-08-25,South,Monitor,4,5101
2025-08-25,East,Phone,11,24477
2025-08-25,North,Headphones,1,335
2025-08-26,East,Monitor,9,10269
2025-08-27,North,Phone,6,13878
2025-08-28,East,Phone,9,20879
2025-09-03,East,Laptop,9,37293
2025-09-03,North,Phone,10,23535
2025-09-03,South,Monitor,8,9273
2025-09-05,South,Laptop,1,4486
2025-09-05,West,Phone,10,20863
2025-09-05,South,Headphones,3,994
2025-09-06,West,Phone,5,10196
2025-09-07,East,Phone,1,2097
2025-09-08,East,Phone,7,16128
2025-09-11,East,Phone,9,19223
2025-09-11,North,Laptop,11,47017
2025-09-11,South,Tablet,9,16878
2025-09-15,North,Headphones,8,2847
2025-09-17,North,Monitor,8,9734
2025-09-17,North,Tablet,11,19275
2025-09-18,South,Monitor,4,4799
2025-09-19,West,Laptop,3,14127
2025-09-19,West,Monitor,5,5700
2025-09-21,East,Laptop,2,9646
2025-09-21,West,Headphones,5,1738
2025-09-21,North,Headphones,5,1722
2025-09-22,South,Phone,9,21037
2025-09-22,North,Laptop,6,27081
2025-09-25,South,Headphones,5,1820
2025-09-27,North,Laptop,7,32786
2025-10-01,North,Laptop,11,48923
2025-10-01,East,Tablet,2,3614
2025-10-02,North,Laptop,9,40484
2025-10-03,West,Headphones,11,3678
2025-10-03,East,Laptop,4,17631
2025-10-04,South,Phone,5,10194
2025-10-05,East,Tablet,10,19175
2025-10-06,West,Monitor,4,4732
2025-10-08,East,Monitor,9,11222
2025-10-10,West,Monitor,2,2308
2025-10-12,North,Laptop,6,25203
2025-10-14,South,Phone,6,13091
2025-10-15,East,Laptop,5,23398
2025-10-15,West,Monitor,5,5987
2025-10-19,East,Monitor,4,4910
2025-10-20,West,Laptop,10,47082
2025-10-20,South,Tablet,11,20842
2025-10-21,West,Tablet,5,8644
2025-10-21,East,Phone,3,7026
2025-10-21,North,Laptop,9,39567
2025-10-22,East,Headphones,4,1402
2025-10-26,West,Tablet,8,13729
2025-10-26,North,Phone,9,18454
2025-10-27,South,Monitor,7,8603
2025-10-28,South,Phone,9,18267
2025-11-01,South,Monitor,9,10125
2025-11-02,West,Headphones,7,2493
2025-11-03,West,Headphones,2,702
2025-11-04,North,Headphones,2,645
2025-11-07,West,Monitor,1,1235
2025-11-09,North,Headphones,4,1341
2025-11-10,East,Phone,10,22004
2025-11-10,North,Headphones,5,1779
2025-11-12,South,Monitor,6,6782
2025-11-13,North,Phone,2,4676
2025-11-13,East,Phone,4,8852
2025-11-14,North,Phone,10,22670
2025-11-15,East,Phone,11,23407
2025-11-17,East,Headphones,1,356
2025-11-17,North,Laptop,11,50278
2025-11-17,West,Tablet,2,3822
2025-11-18,North,Phone,5,10722
2025-11-19,North,Headphones,2,663
2025-11-20,North,Monitor,3,3316
2025-11-25,East,Tablet,1,1897
2025-11-25,South,Monitor,9,11116
2025-11-26,East,Tablet,3,5269
2025-11-28,West,Laptop,2,8417
2025-11-28,South,Phone,2,4463
2025-11-28,South,Laptop,6,28146
2025-12-02,North,Monitor,5,5744
2025-12-02,East,Laptop,1,4150
2025-12-02,West,Laptop,3,13238
2025-12-03,North,Headphones,10,3735
2025-12-04,West,Laptop,7,33748
2025-12-06,South,Monitor,11,14112
2025-12-07,North,Headphones,1,344
2025-12-08,South,Tablet,1,1731
2025-12-08,North,Tablet,5,9277
2025-12-08,North,Tablet,6,10869
2025-12-09,North,Phone,9,20395
2025-12-10,East,Phone,7,14252
2025-12-11,East,Phone,7,14329
2025-12-15,East,Tablet,2,3513
2025-12-17,North,Laptop,6,27364
2025-12-19,West,Laptop,3,13368
2025-12-19,West,Tablet,4,7449
2025-12-21,West,Headphones,8,2956
2025-12-23,East,Monitor,8,9254
2025-12-23,East,Laptop,9,39708
2025-12-24,North,Monitor,4,4889
2025-12-25,West,Tablet,2,3658
2025-12-25,East,Tablet,2,3772
2025-12-25,West,Headphones,11,4127
2025-12-26,West,Laptop,1,4238
